timestamp,direccion_viento,velocidad_viento_prom,velocidad_viento_max,temperatura,humedad,presion,luz,indice_uv,lluvia,humedad_suelo,temperatura_suelo,conductividad_suelo,ph_suelo,temperatura_armario,humedad_armario,A_410nm,B_435nm,C_460nm,D_485nm,E_510nm,F_535nm,G_560nm,H_585nm,R_610nm,I_645nm,S_680nm,J_705nm,T_730nm,U_760nm,V_810nm,W_860nm,K_900nm,L_940nm,temp_0,temp_1,temp_2,NDVI,GNDVI,NDRE,SAVI,EVI,MCARI,MTVI2,ET,Delta_T,THI,REP,PAR,temperatura_cpu,git_commit
2025-07-21 14:14:44,0,0.0,0.0,24.3,49.6,1008,1,0.0,0.0,17.8,22.4,0,8.5,24.5,50.5,234.5992,108.4089,314.8593,108.6698,199.4405,377.1942,115.3311,182.4886,782.8393,148.7111,65.8013,62.5822,60.7695,21.5632,24.7987,32.8776,247.5991,33.8357,29,26,26,-0.919,-0.717,-0.311,-1.378,-0.296,-212.581,-2485.834,0.299,1.9,21.583,16440.095,0.019,55.65,unknown
2025-07-21 14:15:16,0,0.0,0.0,24.3,49.6,1008,1,0.0,0.0,17.8,22.4,0,8.5,24.5,50.4,234.5992,108.4089,314.8593,108.6698,199.4405,376.4956,115.3311,181.9831,781.655,148.7111,66.8626,62.1705,60.7695,22.4257,24.7987,32.8776,248.206,33.8357,29,27,26,-0.919,-0.717,-0.308,-1.378,-0.296,-212.207,-2481.393,0.299,1.9,21.583,16423.967,0.019,51.8,unknown
2025-07-21 14:15:48,0,0.0,0.0,24.3,49.6,1008,0,0.0,0.0,17.8,22.4,0,8.5,26.4,80.6,234.5992,108.4089,313.9194,107.7934,198.6793,375.7971,115.3311,181.9831,782.8393,148.2762,65.8013,62.5822,61.602,22.4257,24.7987,32.8776,249.4197,33.8357,29,26,26,-0.919,-0.716,-0.311,-1.378,-0.295,-212.403,-2487.319,0.0,1.9,21.583,16437.084,--,50.15,unknown
2025-07-21 14:16:19,0,0.0,0.0,24.3,49.6,1008,1,0.0,0.0,17.7,22.4,0,8.5,27.4,80.8,234.5992,108.4089,314.8593,108.6698,198.6793,375.7971,115.3311,181.9831,775.7333,148.2762,63.6787,62.1705,60.7695,20.7006,23.9436,30.6858,249.4197,33.8357,29,26,26,-0.924,-0.732,-0.339,-1.385,-0.301,-210.906,-2460.671,0.299,1.9,21.583,16306.852,0.019,51.25,unknown
2025-07-21 14:16:51,0,0.0,0.0,24.3,49.6,1008,1,0.0,0.0,17.8,22.4,0,8.5,30.0,39.8,234.5992,108.4089,314.8593,108.6698,199.4405,376.4956,115.3311,181.9831,781.655,148.7111,65.8013,62.1705,60.7695,21.5632,24.7987,32.8776,249.4197,33.8357,29,27,26,-0.919,-0.717,-0.308,-1.378,-0.296,-212.207,-2481.393,0.299,1.9,21.583,16423.967,0.019,52.9,unknown
2025-07-21 14:17:23,0,0.0,0.0,24.3,49.5,1008,1,0.0,0.0,17.8,22.4,0,8.5,30.2,39.4,234.5992,108.4089,314.8593,108.6698,199.4405,376.4956,115.3311,181.9831,782.8393,148.7111,65.8013,62.1705,61.602,22.4257,24.7987,32.8776,250.0266,33.8357,30,27,26,-0.919,-0.717,-0.308,-1.378,-0.296,-212.456,-2485.834,0.299,1.9,21.578,16446.803,0.019,50.15,unknown
2025-07-21 15:09:07,0,0.0,0.0,24.5,48.3,1008,1,0.0,0.0,17.7,22.5,0,8.5,24.7,49.0,237.8462,112.1797,331.7771,113.928,210.8588,394.6568,116.3941,182.9941,787.5766,150.0156,66.8626,62.5822,62.4345,22.4257,25.6539,32.8776,250.6334,33.8357,30,27,26,-0.92,-0.73,-0.311,-1.379,-0.311,-215.314,-2481.333,0.3,2.0,21.656,16540.303,0.019,54.0,unknown
2025-07-21 15:09:39,0,0.0,0.0,24.5,48.3,1008,0,0.0,0.0,17.8,22.5,0,8.5,24.7,48.8,237.8462,112.1797,331.7771,113.928,210.0976,393.2598,115.8626,182.4886,786.3923,149.1459,65.8013,62.5822,62.4345,22.4257,25.6539,32.8776,251.2403,33.8357,29,27,27,-0.92,-0.729,-0.311,-1.379,-0.311,-214.917,-2478.376,0.0,2.0,21.656,16511.566,--,51.8,unknown
2025-07-21 15:10:10,0,0.0,0.0,24.5,48.3,1008,0,0.0,0.0,17.8,22.5,0,8.5,25.7,78.9,237.8462,112.1797,332.717,113.928,210.8588,393.9583,115.8626,182.4886,786.3923,149.1459,65.8013,62.5822,62.4345,22.4257,25.6539,32.8776,250.6334,33.8357,29,27,26,-0.92,-0.73,-0.311,-1.379,-0.312,-214.943,-2476.892,0.0,2.0,21.656,16511.566,--,51.8,unknown
2025-07-21 15:10:42,0,0.0,0.0,24.5,48.2,1008,1,0.0,0.0,17.7,22.5,0,8.5,28.8,41.6,237.8462,113.1224,333.6569,114.8044,211.6201,395.3553,116.3941,182.9941,788.7609,150.0156,66.8626,62.5822,62.4345,22.4257,25.6539,32.8776,250.6334,33.8357,30,27,26,-0.92,-0.731,-0.311,-1.379,-0.312,-215.608,-2484.29,0.3,2.0,21.651,16563.142,0.019,51.25,unknown
2025-07-21 15:11:13,115,0.48,0.03,24.5,47.6,1008,2,0.0,0.0,17.7,22.5,0,8.5,26.7,43.1,237.8462,113.1224,332.717,114.8044,211.6201,395.3553,116.3941,183.4996,787.5766,150.0156,66.8626,62.994,62.4345,23.2882,26.509,32.8776,250.0266,33.8357,30,27,26,-0.92,-0.731,-0.314,-1.379,-0.312,-215.338,-2479.849,1.168,2.0,21.618,16533.635,0.037,50.15,unknown
2025-07-21 15:11:45,114,0.48,0.03,24.4,47.3,1008,2,0.0,0.0,17.7,22.5,0,8.5,25.3,46.2,205.3757,252.6399,886.3054,291.8311,497.0787,831.2241,146.6884,198.6649,2620.9128,150.0156,71.1079,65.876,159.8322,27.6008,35.0603,31.7817,230.0002,29.9688,30,27,26,-0.976,-0.88,-0.349,-1.464,-0.279,-588.796,-8805.176,1.169,1.9,21.53,51642.156,0.037,52.9,unknown
2025-07-21 15:12:17,0,0.0,0.0,24.3,47.3,1008,2,0.0,0.0,17.7,22.5,0,8.5,25.4,46.2,211.0581,256.4107,891.9447,294.4602,499.3624,827.7316,151.4718,205.742,2448.0012,153.929,71.1079,67.5229,153.1725,26.7383,33.35,31.7817,234.855,30.9355,30,28,26,-0.974,-0.88,-0.36,-1.461,-0.295,-570.06,-8150.564,0.599,1.8,21.459,48341.544,0.037,50.7,unknown
2025-07-21 15:12:48,0,0.0,0.0,24.3,47.4,1008,2,0.0,0.0,17.7,22.5,0,8.5,25.9,45.7,211.8698,257.3534,892.8846,294.4602,498.6012,826.3346,152.0032,207.2585,2373.3887,154.7987,71.1079,67.5229,149.8427,26.7383,32.4949,31.7817,236.6756,30.9355,30,27,26,-0.974,-0.88,-0.36,-1.46,-0.303,-561.454,-7872.251,0.599,1.8,21.465,46926.321,0.037,50.7,unknown
2025-07-21 15:13:20,0,0.0,0.0,24.3,47.5,1008,2,0.0,0.0,17.7,22.5,0,8.5,26.1,45.4,211.8698,257.3534,893.8245,295.3365,499.3624,826.3346,152.5347,207.2585,2334.3059,155.2335,70.0466,67.9347,148.1778,26.7383,32.4949,31.7817,237.2825,30.9355,30,27,26,-0.973,-0.88,-0.363,-1.459,-0.307,-556.965,-7724.206,0.599,1.8,21.47,46164.232,0.037,49.6,unknown
2025-07-21 15:13:51,0,0.0,0.0,24.4,47.6,1008,2,0.0,0.0,17.7,22.5,0,8.5,26.1,45.3,213.4934,258.296,895.7042,296.2129,500.1236,825.636,153.0662,209.2806,2294.0388,155.6683,70.0466,67.9347,146.5129,26.7383,31.6398,31.7817,237.8893,30.9355,30,27,27,-0.973,-0.88,-0.363,-1.459,-0.313,-551.916,-7571.721,0.6,1.9,21.547,45399.193,0.037,49.6,unknown
2025-07-21 15:14:23,0,0.0,0.0,24.4,47.7,1008,2,0.0,0.0,17.7,22.5,0,8.5,26.2,45.3,214.3051,258.296,896.6441,296.2129,500.8849,825.636,153.5977,209.2806,2269.168,156.1031,70.0466,67.9347,144.848,25.8758,31.6398,31.7817,238.4962,30.9355,30,27,27,-0.972,-0.881,-0.363,-1.458,-0.316,-548.861,-7476.97,0.6,1.9,21.552,44929.818,0.037,50.7,unknown
2025-07-21 15:14:55,0,0.0,0.0,24.4,47.8,1008,2,0.0,0.0,17.7,22.5,0,8.5,26.2,45.1,218.3639,261.1241,900.4036,297.0893,500.1236,816.5555,157.8495,216.3577,2164.9473,159.5818,70.0466,69.1698,141.5181,25.8758,31.6398,31.7817,241.5305,31.9022,30,28,26,-0.971,-0.88,-0.37,-1.456,-0.333,-532.444,-7085.887,0.6,1.9,21.558,42956.286,0.037,49.6,unknown
2025-07-21 15:15:26,0,0.0,0.0,24.4,47.8,1008,2,0.0,0.0,17.7,22.5,0,8.5,26.2,44.8,219.9875,261.1241,899.4637,296.2129,497.84,810.2689,159.9754,219.3907,2119.9431,161.3211,70.0466,69.5816,139.8532,25.8758,30.7846,31.7817,242.7442,31.9022,30,27,27,-0.97,-0.88,-0.373,-1.455,-0.34,-524.457,-6921.575,0.6,1.9,21.558,42104.799,0.037,49.6,unknown
2025-07-21 15:15:58,0,0.0,0.0,24.3,47.9,1008,2,0.0,0.0,17.7,22.5,0,8.5,26.3,45.1,219.9875,261.1241,900.4036,297.0893,498.6012,810.2689,159.9754,219.3907,2110.4685,161.3211,70.0466,69.5816,139.0207,25.8758,30.7846,31.7817,243.3511,32.869,30,27,26,-0.97,-0.88,-0.373,-1.455,-0.342,-523.115,-6882.82,0.599,1.8,21.492,41941.095,0.037,49.6,unknown
2025-07-21 15:16:29,0,0.0,0.0,24.3,47.9,1008,2,0.0,0.0,17.7,22.5,0,8.5,26.2,45.1,219.9875,262.0668,900.4036,297.0893,498.6012,810.9674,159.9754,219.8962,2098.6252,161.3211,70.0466,69.5816,139.0207,25.8758,30.7846,31.7817,243.3511,31.9022,30,27,27,-0.97,-0.88,-0.373,-1.455,-0.344,-521.728,-6840.148,0.599,1.8,21.492,41694.611,0.037,47.95,unknown
2025-07-21 15:17:01,0,0.0,0.0,24.4,47.9,1008,2,0.0,0.0,17.7,22.5,0,8.5,26.3,45.1,220.7992,262.0668,900.4036,297.0893,497.0787,808.1733,160.5069,220.9073,2076.123,161.7559,70.0466,69.9933,138.1883,25.8758,30.7846,31.7817,243.9579,32.869,30,27,27,-0.97,-0.88,-0.375,-1.454,-0.348,-517.795,-6756.994,0.6,1.9,21.563,41271.176,0.037,49.05,unknown
2025-07-21 15:17:33,0,0.0,0.0,24.4,47.9,1008,2,0.0,0.0,17.7,22.5,0,8.5,26.2,45.3,220.7992,262.0668,900.4036,297.0893,497.84,808.1733,161.0384,220.9073,2063.0955,161.7559,70.0466,69.9933,137.3558,25.8758,30.7846,31.7817,243.9579,32.869,30,28,27,-0.97,-0.88,-0.375,-1.454,-0.351,-515.902,-6706.656,0.6,1.9,21.563,41020.561,0.037,49.05,unknown
2025-07-21 15:18:04,0,0.0,0.0,24.4,47.9,1008,2,0.0,0.0,17.7,22.5,0,8.5,26.2,45.2,221.611,262.0668,900.4036,297.0893,497.0787,807.4749,161.0384,221.4128,2055.9895,162.1907,70.0466,69.9933,137.3558,25.8758,30.7846,31.7817,243.9579,32.869,30,27,27,-0.97,-0.88,-0.375,-1.454,-0.352,-514.726,-6681.493,0.6,1.9,21.563,40891.377,0.037,48.5,unknown
2025-07-21 15:18:36,0,0.0,0.0,24.4,48.0,1008,2,0.0,0.0,17.7,22.5,0,8.5,26.3,45.2,221.611,262.0668,898.5239,296.2129,495.5563,803.2838,161.5699,222.4238,2035.8558,163.0604,70.0466,69.9933,136.5234,25.8758,30.7846,31.7817,244.5648,32.869,31,27,27,-0.969,-0.879,-0.375,-1.454,-0.355,-510.618,-6608.96,0.6,1.9,21.569,40518.664,0.037,47.95,unknown
2025-07-21 15:19:07,0,0.0,0.0,24.4,48.0,1008,2,0.0,0.0,17.7,22.5,0,8.5,26.3,45.2,222.4227,262.0668,898.5239,296.2129,495.5563,801.8868,162.1013,222.9293,2021.6439,163.4952,70.0466,70.405,135.6909,25.8758,30.7846,31.7817,245.1717,32.869,30,27,27,-0.969,-0.879,-0.378,-1.453,-0.358,-508.119,-6555.666,0.6,1.9,21.569,40236.41,0.037,48.5,unknown
2025-07-21 15:19:39,0,0.0,0.0,24.4,48.1,1008,2,0.0,0.0,17.7,22.5,0,8.5,26.3,44.9,223.2345,262.0668,898.5239,296.2129,495.5563,801.8868,162.1013,223.4348,2015.7223,163.4952,68.9853,70.405,134.8584,25.8758,30.7846,31.7817,245.1717,32.869,30,27,27,-0.969,-0.879,-0.378,-1.453,-0.359,-507.256,-6533.46,0.6,1.9,21.574,40122.456,0.037,48.5,unknown
2025-07-21 15:20:11,0,0.0,0.0,24.4,48.1,1008,2,0.0,0.0,17.7,22.5,0,8.5,26.3,44.9,223.2345,262.0668,899.4637,297.0893,495.5563,802.5853,162.1013,223.4348,2008.6163,163.4952,70.0466,70.405,134.8584,25.8758,30.7846,31.7817,245.1717,32.869,30,27,26,-0.969,-0.879,-0.378,-1.453,-0.361,-506.431,-6506.812,0.6,1.9,21.574,39985.712,0.037,49.05,unknown
2025-07-21 15:20:42,0,0.0,0.0,24.4,48.1,1008,2,0.0,0.0,17.7,22.5,0,8.5,26.3,45.1,223.2345,262.0668,898.5239,297.0893,495.5563,801.8868,162.1013,223.4348,2000.326,163.4952,70.0466,70.405,134.8584,25.8758,30.7846,31.7817,245.1717,32.869,30,27,27,-0.969,-0.879,-0.378,-1.453,-0.363,-504.988,-6475.724,0.6,1.9,21.574,39826.176,0.037,47.4,unknown
2025-07-21 15:21:14,0,0.0,0.0,24.4,48.1,1008,2,0.0,0.0,17.7,22.5,0,8.5,26.3,45.1,223.2345,262.0668,899.4637,297.0893,495.5563,802.5853,162.6328,223.4348,1994.4044,163.9301,70.0466,70.405,134.026,25.8758,30.7846,31.7817,245.1717,32.869,30,28,27,-0.969,-0.879,-0.378,-1.453,-0.365,-504.321,-6453.518,0.6,1.9,21.574,39719.35,0.037,48.5,unknown
2025-07-21 15:21:45,0,0.0,0.0,24.4,48.1,1008,2,0.0,0.0,17.7,22.5,0,8.5,26.3,45.1,223.2345,262.0668,899.4637,297.0893,495.5563,801.8868,162.6328,223.9403,1988.4828,163.9301,70.0466,70.405,134.026,25.8758,30.7846,31.7817,245.1717,32.869,30,27,27,-0.969,-0.879,-0.378,-1.452,-0.366,-503.22,-6431.311,0.6,1.9,21.574,39605.376,0.037,47.95,unknown
2025-07-21 15:22:17,0,0.0,0.0,24.4,48.1,1008,2,0.0,0.0,17.7,22.5,0,8.5,26.3,45.2,223.2345,262.0668,898.5239,297.0893,495.5563,801.1883,162.6328,223.9403,1982.5612,163.9301,70.0466,70.405,134.026,25.8758,30.7846,31.7817,245.1717,32.869,31,27,27,-0.968,-0.879,-0.378,-1.452,-0.367,-502.116,-6409.105,0.6,1.9,21.574,39491.401,0.037,49.05,unknown
2025-07-21 15:22:49,0,0.0,0.0,24.4,48.1,1007,2,0.0,0.0,17.7,22.5,0,8.5,26.3,45.2,223.2345,262.0668,899.4637,297.0893,496.3175,801.1883,162.6328,223.9403,1980.1925,163.9301,68.9853,70.405,133.1935,25.8758,30.7846,31.7817,245.1717,32.869,30,27,27,-0.968,-0.88,-0.378,-1.452,-0.368,-501.697,-6398.739,0.6,1.9,21.574,39445.811,0.037,47.95,unknown
2025-07-21 15:23:20,0,0.0,0.0,24.4,48.1,1007,2,0.0,0.0,17.7,22.5,0,8.5,26.3,45.0,223.2345,262.0668,899.4637,297.0893,495.5563,801.8868,162.6328,223.9403,1976.6395,163.9301,70.0466,70.405,133.1935,25.8758,30.7846,31.7817,245.1717,32.869,31,27,27,-0.968,-0.879,-0.378,-1.452,-0.369,-501.43,-6386.899,0.6,1.9,21.574,39377.426,0.037,47.95,unknown
2025-07-21 15:23:52,0,0.0,0.0,24.4,48.0,1007,2,0.0,0.0,17.7,22.5,0,8.5,26.3,45.1,224.0463,263.0095,899.4637,297.0893,495.5563,801.8868,162.6328,223.9403,1971.9022,163.9301,70.0466,70.405,133.1935,25.8758,30.7846,31.7817,245.1717,32.869,30,28,27,-0.968,-0.879,-0.378,-1.452,-0.37,-500.709,-6369.134,0.6,1.9,21.569,39286.246,0.037,47.4,unknown
2025-07-21 15:24:23,0,0.0,0.0,24.4,48.0,1007,2,0.0,0.0,17.7,22.5,0,8.5,26.3,45.1,224.0463,262.0668,899.4637,297.0893,495.5563,801.8868,162.6328,223.9403,1968.3494,163.9301,70.0466,70.405,132.3611,25.8758,30.7846,31.7817,245.1717,32.869,30,27,27,-0.968,-0.879,-0.378,-1.452,-0.371,-500.165,-6355.811,0.6,1.9,21.569,39217.863,0.037,47.4,unknown
2025-07-21 15:24:55,0,0.0,0.0,24.4,48.0,1007,2,0.0,0.0,17.7,22.5,0,8.5,26.3,44.9,224.0463,262.0668,899.4637,297.0893,495.5563,801.8868,162.6328,223.9403,1963.6121,163.9301,70.0466,70.405,132.3611,25.8758,30.7846,31.7817,245.1717,32.869,31,28,27,-0.968,-0.879,-0.378,-1.452,-0.372,-499.437,-6338.046,0.6,1.9,21.569,39126.684,0.037,47.4,unknown
2025-07-21 15:25:27,0,0.0,0.0,24.4,48.0,1007,2,0.0,0.0,17.7,22.5,0,8.5,26.3,44.8,224.0463,263.0095,900.4036,297.0893,495.5563,801.8868,162.6328,223.9403,1960.0591,164.3649,70.0466,70.405,132.3611,25.8758,30.7846,31.7817,245.1717,32.869,30,27,27,-0.968,-0.879,-0.378,-1.452,-0.373,-498.889,-6324.723,0.6,1.9,21.569,39065.242,0.037,46.85,unknown
2025-07-21 15:25:58,0,0.0,0.0,24.4,48.0,1007,2,0.0,0.0,17.7,22.5,0,8.5,26.3,44.9,224.0463,263.0095,900.4036,297.0893,495.5563,801.1883,162.6328,223.9403,1956.5061,164.3649,70.0466,70.405,132.3611,25.8758,30.7846,31.7817,245.1717,32.869,30,27,27,-0.968,-0.879,-0.378,-1.452,-0.374,-498.133,-6311.399,0.6,1.9,21.569,38996.844,0.037,46.85,unknown
2025-07-21 15:26:30,0,0.0,0.0,24.4,48.0,1007,2,0.0,0.0,17.7,22.5,0,8.5,26.3,44.9,224.0463,263.0095,900.4036,297.0893,495.5563,801.1883,163.1643,223.9403,1954.1375,164.3649,70.0466,70.405,132.3611,25.8758,30.7846,31.7817,245.7785,32.869,31,27,27,-0.968,-0.879,-0.378,-1.452,-0.375,-497.766,-6302.516,0.6,1.9,21.569,38951.246,0.037,48.5,unknown
2025-07-21 15:27:03,0,0.0,0.0,24.4,47.9,1007,2,0.0,0.0,17.7,22.5,0,8.5,--,--,224.0463,263.0095,900.4036,297.0893,495.5563,801.1883,163.1643,223.9403,1951.7688,164.3649,70.0466,70.405,131.5286,25.8758,30.7846,31.7817,245.7785,32.869,30,27,27,-0.968,-0.879,-0.378,-1.452,-0.375,-497.398,-6293.634,0.6,1.9,21.563,38905.648,0.037,50.15,unknown
2025-07-21 15:27:35,0,0.0,0.0,24.4,48.0,1007,2,0.0,0.0,17.7,22.5,0,8.5,26.3,44.8,224.0463,263.0095,900.4036,297.0893,495.5563,801.1883,163.1643,224.4458,1947.0315,163.9301,70.0466,70.405,131.5286,25.8758,30.7846,31.7817,245.7785,32.869,30,28,27,-0.968,-0.879,-0.378,-1.451,-0.376,-496.659,-6275.869,0.6,1.9,21.569,38807.554,0.037,48.5,unknown
2025-07-21 15:28:07,0,0.0,0.0,24.4,47.9,1007,2,0.0,0.0,17.7,22.5,0,8.5,26.3,44.8,224.0463,263.0095,900.4036,297.9656,495.5563,801.8868,163.1643,224.4458,1944.6628,164.3649,70.0466,70.405,131.5286,25.8758,30.7846,31.7817,245.7785,32.869,30,27,27,-0.968,-0.879,-0.378,-1.451,-0.377,-496.49,-6266.987,0.6,1.9,21.563,38768.853,0.037,47.95,unknown
2025-07-21 15:28:38,0,0.0,0.0,24.4,47.9,1007,2,0.0,0.0,17.7,22.5,0,8.5,26.3,44.8,224.0463,263.0095,900.4036,297.9656,496.3175,801.8868,163.1643,224.4458,1942.2942,163.9301,70.0466,70.405,131.5286,25.8758,30.7846,31.7817,245.7785,32.869,31,27,27,-0.968,-0.88,-0.378,-1.451,-0.378,-496.055,-6256.62,0.6,1.9,21.563,38716.374,0.037,46.85,unknown
2025-07-21 15:29:10,0,0.0,0.0,24.4,47.9,1007,2,0.0,0.0,17.7,22.5,0,8.5,26.3,44.8,224.0463,263.0095,901.3435,297.9656,496.3175,801.1883,163.1643,224.4458,1938.7412,164.3649,70.0466,70.405,131.5286,25.8758,30.7846,31.7817,245.7785,32.869,30,27,27,-0.968,-0.88,-0.378,-1.451,-0.379,-495.293,-6243.296,0.6,1.9,21.563,38654.858,0.037,47.95,unknown
2025-07-21 15:29:41,0,0.0,0.0,24.4,47.8,1007,2,0.0,0.0,17.7,22.5,0,8.5,26.3,44.8,224.858,263.0095,901.3435,297.9656,496.3175,801.8868,163.1643,224.4458,1936.3726,164.3649,70.0466,70.405,131.5286,25.8758,30.7846,31.7817,245.7785,32.869,31,27,27,-0.968,-0.88,-0.378,-1.451,-0.38,-495.119,-6234.414,0.6,1.9,21.558,38609.26,0.037,48.5,unknown
2025-07-21 15:30:13,0,0.0,0.0,24.4,47.8,1007,2,0.0,0.0,17.7,22.5,0,8.5,26.3,44.6,224.858,263.0095,900.4036,297.9656,496.3175,801.8868,163.1643,224.4458,1932.8196,164.3649,70.0466,70.405,131.5286,25.8758,30.7846,31.7817,245.7785,32.869,31,27,27,-0.968,-0.88,-0.378,-1.451,-0.38,-494.555,-6221.09,0.6,1.9,21.558,38540.862,0.037,47.4,unknown
2025-07-21 15:30:45,0,0.0,0.0,24.4,47.8,1007,2,0.0,0.0,17.7,22.5,0,8.5,26.3,44.5,224.858,263.0095,901.3435,297.9656,496.3175,801.8868,163.1643,224.4458,1930.4509,164.3649,70.0466,70.405,130.6961,25.8758,30.7846,31.7817,245.7785,32.869,31,27,27,-0.968,-0.88,-0.378,-1.451,-0.381,-494.178,-6212.208,0.6,1.9,21.558,38495.264,0.037,46.85,unknown
2025-07-21 15:31:16,0,0.0,0.0,24.5,47.6,1007,2,0.0,0.0,17.7,22.5,0,8.5,26.3,44.6,224.858,263.0095,901.3435,297.9656,496.3175,801.1883,163.1643,224.4458,1929.2666,164.3649,70.0466,70.405,130.6961,25.8758,30.7846,31.7817,245.1717,32.869,30,28,27,-0.968,-0.88,-0.378,-1.451,-0.382,-493.791,-6207.766,0.6,2.0,21.618,38472.465,0.037,47.4,unknown
2025-07-21 15:31:48,0,0.0,0.0,24.4,47.6,1007,2,0.0,0.0,17.7,22.5,0,8.5,26.3,44.6,224.858,263.0095,901.3435,297.9656,496.3175,801.8868,163.1643,224.4458,1926.8979,164.3649,70.0466,70.405,130.6961,25.8758,30.7846,31.7817,245.7785,32.869,30,27,27,-0.968,-0.88,-0.378,-1.451,-0.382,-493.611,-6198.884,0.6,1.9,21.547,38426.867,0.037,47.4,unknown
2025-07-21 15:32:22,0,0.0,0.0,24.5,47.7,1007,2,0.0,0.0,17.7,22.5,0,8.5,--,--,224.858,263.0095,901.3435,297.9656,496.3175,801.8868,163.1643,224.4458,1924.5293,164.3649,67.924,70.405,130.6961,25.8758,30.7846,31.7817,243.9579,32.869,30,27,27,-0.968,-0.88,-0.378,-1.451,-0.383,-493.232,-6190.001,0.6,2.0,21.623,38381.269,0.037,48.5,unknown
2025-07-21 15:32:53,0,0.0,0.0,24.4,47.7,1007,2,0.0,0.0,17.7,22.5,0,8.5,26.3,44.6,224.858,263.0095,901.3435,297.9656,496.3175,801.1883,163.1643,224.4458,1920.9763,164.3649,70.0466,70.405,130.6961,25.8758,30.7846,31.7817,245.7785,32.869,31,27,27,-0.967,-0.88,-0.378,-1.451,-0.384,-492.465,-6176.678,0.6,1.9,21.552,38312.871,0.037,47.4,unknown
2025-07-21 15:33:25,0,0.0,0.0,24.4,47.7,1007,2,0.0,0.0,17.7,22.5,0,8.5,26.3,44.6,224.858,263.0095,901.3435,297.9656,496.3175,801.1883,163.1643,224.4458,1919.792,164.3649,70.0466,70.405,130.6961,25.8758,30.7846,31.7817,245.7785,32.869,31,27,27,-0.967,-0.88,-0.378,-1.451,-0.384,-492.274,-6172.237,0.6,1.9,21.552,38290.072,0.037,48.5,unknown
2025-07-21 15:33:56,0,0.0,0.0,24.4,47.7,1007,2,0.0,0.0,17.7,22.5,0,8.5,26.3,44.7,224.858,263.0095,901.3435,297.9656,496.3175,801.8868,163.1643,224.4458,1917.4233,164.3649,70.0466,70.405,130.6961,25.8758,30.7846,31.7817,245.7785,32.869,30,28,27,-0.967,-0.88,-0.378,-1.451,-0.385,-492.088,-6163.354,0.6,1.9,21.552,38244.474,0.037,46.85,unknown
2025-07-21 15:34:28,0,0.0,0.0,24.4,47.7,1007,2,0.0,0.0,17.7,22.5,0,8.5,26.3,44.6,224.858,263.0095,901.3435,297.9656,496.3175,801.8868,163.1643,224.4458,1915.0547,164.3649,70.0466,70.405,130.6961,25.8758,30.7846,31.7817,245.7785,32.869,31,27,27,-0.967,-0.88,-0.378,-1.451,-0.385,-491.705,-6154.472,0.6,1.9,21.552,38198.876,0.037,46.3,unknown
2025-07-21 15:35:00,0,0.0,0.0,24.5,47.7,1007,2,0.0,0.0,17.7,22.5,0,8.5,26.3,44.6,224.858,263.9521,902.2834,297.9656,497.0787,801.8868,163.1643,224.4458,1912.686,164.3649,70.0466,70.405,129.8637,25.8758,30.7846,31.7817,245.1717,32.869,30,27,27,-0.967,-0.88,-0.378,-1.451,-0.387,-491.257,-6144.105,0.6,2.0,21.623,38153.278,0.037,46.85,unknown
2025-07-21 15:35:31,0,0.0,0.0,24.4,47.7,1007,2,0.0,0.0,17.7,22.5,0,8.5,26.3,44.6,224.858,263.9521,902.2834,298.842,497.0787,801.8868,163.1643,224.4458,1910.3174,164.7997,70.0466,70.405,129.8637,25.8758,30.7846,31.7817,245.7785,32.869,31,28,27,-0.967,-0.88,-0.378,-1.451,-0.387,-490.871,-6135.222,0.6,1.9,21.552,38114.387,0.037,46.85,unknown
2025-07-21 15:36:03,0,0.0,0.0,24.5,47.7,1007,2,0.0,0.0,17.7,22.5,0,8.5,26.3,44.3,225.6698,263.9521,903.2233,298.842,497.0787,802.5853,163.1643,224.9513,1907.9487,164.7997,68.9853,70.405,129.8637,25.8758,30.7846,31.7817,245.7785,32.869,31,27,27,-0.967,-0.88,-0.378,-1.45,-0.389,-490.677,-6126.34,0.6,2.0,21.623,38068.78,0.037,47.95,unknown
2025-07-21 15:36:34,0,0.0,0.0,24.4,47.7,1007,2,0.0,0.0,17.7,22.5,0,8.5,26.3,44.4,225.6698,263.9521,902.2834,298.842,497.0787,801.8868,163.1643,224.4458,1905.5801,164.3649,70.0466,70.405,129.8637,25.8758,30.7846,31.7817,245.7785,32.869,30,28,27,-0.967,-0.88,-0.378,-1.45,-0.389,-490.098,-6117.458,0.6,1.9,21.552,38016.483,0.037,47.4,unknown
2025-07-21 15:37:06,0,0.0,0.0,24.5,47.7,1007,2,0.0,0.0,17.7,22.5,0,8.5,26.3,44.4,225.6698,263.9521,902.2834,298.842,497.0787,802.5853,163.1643,224.9513,1904.3958,164.7997,70.0466,70.405,129.8637,25.8758,30.7846,31.7817,245.7785,32.869,30,27,27,-0.967,-0.88,-0.378,-1.45,-0.389,-490.096,-6113.016,0.6,2.0,21.623,38000.371,0.037,46.85,unknown
2025-07-21 15:37:38,0,0.0,0.0,24.5,47.6,1007,2,0.0,0.0,17.7,22.5,0,8.5,26.3,44.5,225.6698,263.9521,902.2834,298.842,497.0787,802.5853,163.1643,224.9513,1902.0271,164.7997,70.0466,70.8167,129.8637,25.8758,30.7846,31.7817,245.7785,32.869,30,27,27,-0.967,-0.88,-0.38,-1.45,-0.39,-489.706,-6104.134,0.6,2.0,21.618,37939.965,0.037,46.85,unknown
2025-07-21 15:38:09,0,0.0,0.0,24.5,47.6,1007,2,0.0,0.0,17.7,22.5,0,8.5,26.3,44.6,225.6698,263.9521,902.2834,298.842,497.0787,801.8868,163.1643,224.9513,1900.8428,164.3649,70.0466,70.405,129.8637,25.8758,30.7846,31.7817,245.7785,32.869,30,27,27,-0.967,-0.88,-0.378,-1.45,-0.39,-489.321,-6099.693,0.6,2.0,21.618,37925.287,0.037,47.4,unknown
2025-07-21 15:38:41,0,0.0,0.0,24.4,47.6,1007,2,0.0,0.0,17.7,22.5,0,8.5,26.3,44.5,225.6698,263.9521,903.2233,298.842,497.0787,801.8868,163.6958,224.9513,1898.4741,164.7997,70.0466,70.8167,129.8637,25.8758,30.7846,31.7817,245.7785,32.869,30,27,27,-0.967,-0.88,-0.38,-1.45,-0.391,-488.931,-6090.81,0.6,1.9,21.547,37871.583,0.037,47.4,unknown
2025-07-21 15:39:12,0,0.0,0.0,24.4,47.6,1007,2,0.0,0.0,17.7,22.5,0,8.5,26.3,44.5,225.6698,263.9521,903.2233,298.842,497.0787,802.5853,163.6958,224.9513,1897.2898,164.7997,70.0466,70.8167,129.0312,25.8758,30.7846,31.7817,245.7785,32.869,30,28,27,-0.967,-0.88,-0.38,-1.45,-0.392,-488.925,-6086.369,0.6,1.9,21.547,37848.789,0.037,47.95,unknown
2025-07-21 15:39:44,0,0.0,0.0,24.5,47.7,1007,2,0.0,0.0,17.7,22.5,0,8.5,26.3,44.5,225.6698,263.9521,903.2233,298.842,497.0787,802.5853,163.6958,224.9513,1896.1055,164.7997,70.0466,70.405,129.0312,25.8758,30.7846,31.7817,245.7785,32.869,30,27,27,-0.967,-0.88,-0.378,-1.45,-0.392,-488.729,-6081.928,0.6,2.0,21.623,37840.748,0.037,47.95,unknown
2025-07-21 15:40:16,0,0.0,0.0,24.5,47.7,1007,2,0.0,0.0,17.7,22.5,0,8.5,26.3,44.5,225.6698,263.9521,903.2233,298.842,497.0787,802.5853,163.6958,224.9513,1894.9211,164.7997,70.0466,70.405,129.0312,25.8758,30.7846,31.7817,245.7785,32.869,30,27,27,-0.967,-0.88,-0.378,-1.45,-0.392,-488.533,-6077.487,0.6,2.0,21.623,37817.945,0.037,48.5,unknown
2025-07-21 15:40:47,0,0.0,0.0,24.5,47.7,1007,2,0.0,0.0,17.7,22.5,0,8.5,26.3,44.4,225.6698,263.9521,903.2233,298.842,497.0787,802.5853,163.6958,224.9513,1893.7368,164.7997,70.0466,70.405,129.0312,25.8758,30.7846,31.7817,245.7785,32.869,30,27,27,-0.967,-0.88,-0.378,-1.45,-0.393,-488.337,-6073.045,0.6,2.0,21.623,37795.142,0.037,46.85,unknown
2025-07-21 15:41:19,0,0.0,0.0,24.5,47.7,1007,2,0.0,0.0,17.7,22.5,0,8.5,26.3,44.4,225.6698,263.9521,903.2233,298.842,497.0787,801.8868,163.6958,224.9513,1890.1838,164.7997,70.0466,70.8167,129.0312,25.8758,30.7846,31.7817,245.7785,32.869,30,27,27,-0.967,-0.88,-0.38,-1.45,-0.394,-487.559,-6059.722,0.6,2.0,21.623,37712.024,0.037,46.85,unknown
2025-07-21 15:41:50,0,0.0,0.0,24.5,47.7,1007,2,0.0,0.0,17.7,22.5,0,8.5,26.3,44.3,225.6698,263.9521,903.2233,298.842,497.0787,802.5853,163.6958,224.9513,1888.9995,164.7997,70.0466,70.405,129.0312,25.8758,30.7846,31.7817,245.7785,32.869,30,28,27,-0.967,-0.88,-0.378,-1.45,-0.394,-487.549,-6055.28,0.6,2.0,21.623,37703.929,0.037,46.85,unknown
2025-07-21 15:42:22,0,0.0,0.0,24.5,47.6,1007,2,0.0,0.0,17.7,22.5,0,8.5,26.3,44.4,226.4816,264.8948,903.2233,298.842,497.0787,801.8868,163.6958,224.9513,1886.6309,164.3649,70.0466,70.405,129.0312,25.8758,30.7846,31.7817,245.7785,32.869,30,27,27,-0.967,-0.88,-0.378,-1.45,-0.395,-486.967,-6046.398,0.6,2.0,21.618,37651.698,0.037,47.4,unknown
2025-07-21 15:42:54,0,0.0,0.0,24.5,47.6,1007,2,0.0,0.0,17.7,22.5,0,8.5,26.3,44.0,226.4816,263.9521,903.2233,298.842,497.0787,801.8868,163.6958,224.9513,1885.4465,164.7997,70.0466,70.8167,129.0312,25.8758,30.7846,31.7817,245.7785,32.869,30,28,27,-0.967,-0.88,-0.38,-1.45,-0.395,-486.769,-6041.957,0.6,2.0,21.618,37620.848,0.037,48.5,unknown
2025-07-21 15:43:25,0,0.0,0.0,24.5,47.6,1007,2,0.0,0.0,17.7,22.5,0,8.5,26.3,44.3,226.4816,264.8948,903.2233,298.842,497.0787,801.8868,163.6958,224.9513,1884.2622,164.7997,70.0466,70.8167,129.0312,25.8758,30.7846,31.7817,245.7785,32.869,31,27,27,-0.967,-0.88,-0.38,-1.45,-0.395,-486.571,-6037.516,0.6,2.0,21.618,37598.054,0.037,46.85,unknown
2025-07-21 15:43:57,0,0.0,0.0,24.4,47.6,1007,2,0.0,0.0,17.7,22.5,0,8.5,26.3,44.4,226.4816,263.9521,903.2233,298.842,497.0787,801.8868,163.6958,224.9513,1883.0779,164.7997,70.0466,70.8167,129.0312,25.8758,30.7846,31.7817,245.7785,32.869,30,27,27,-0.967,-0.88,-0.38,-1.45,-0.396,-486.372,-6033.074,0.6,1.9,21.547,37575.259,0.037,48.5,unknown
2025-07-21 15:44:28,0,0.0,0.0,24.5,47.5,1007,2,0.0,0.0,17.7,22.5,0,8.5,26.3,44.4,226.4816,263.9521,903.2233,299.7184,497.0787,801.8868,163.6958,224.9513,1880.7092,164.7997,70.0466,70.8167,129.0312,25.8758,30.7846,31.7817,245.7785,32.869,31,27,27,-0.967,-0.88,-0.38,-1.45,-0.397,-485.975,-6024.192,0.6,2.0,21.613,37529.671,0.037,49.05,unknown
2025-07-21 15:45:00,0,0.0,0.0,24.5,47.6,1007,2,0.0,0.0,17.7,22.5,0,8.5,26.3,44.3,226.4816,263.9521,903.2233,298.842,497.0787,801.1883,163.1643,224.4458,1879.5249,164.3649,68.9853,70.405,128.1988,25.8758,29.9295,31.7817,245.7785,32.869,30,27,27,-0.967,-0.88,-0.378,-1.45,-0.397,-485.591,-6019.751,0.6,2.0,21.618,37514.903,0.037,46.85,unknown
2025-07-21 15:58:30,0,0.0,0.0,24.5,47.3,1007,2,0.0,0.0,17.7,22.5,0,8.4,24.9,47.2,228.1051,265.8375,906.9828,300.5948,498.6012,802.5853,164.2273,225.9623,1820.3086,165.2345,68.9853,70.8167,125.7014,25.8758,30.7846,31.7817,246.3854,32.869,30,27,27,-0.966,-0.88,-0.38,-1.448,-0.419,-475.526,-5794.721,0.6,2.0,21.602,36373.602,0.037,57.3,0741158
2025-07-21 15:59:02,0,0.0,0.0,24.5,47.2,1007,0,0.0,0.0,17.8,22.5,0,8.4,25.0,47.2,228.9168,265.8375,906.9828,300.5948,498.6012,801.8868,163.6958,224.9513,1814.387,164.3649,66.8626,70.405,125.7014,25.8758,29.9295,31.7817,246.3854,32.869,30,27,27,-0.966,-0.88,-0.378,-1.448,-0.421,-474.293,-5772.515,0.0,2.0,21.596,36260.953,--,55.1,0741158
2025-07-21 15:59:33,0,0.0,0.0,24.5,47.2,1007,0,0.0,0.0,17.8,22.5,0,8.4,26.6,85.2,228.9168,265.8375,906.0429,300.5948,498.6012,802.5853,163.6958,224.9513,1813.2026,164.3649,67.924,70.405,125.7014,25.8758,29.9295,31.7817,245.7785,32.869,30,28,27,-0.966,-0.88,-0.378,-1.448,-0.421,-474.244,-5768.073,0.0,2.0,21.596,36238.154,--,54.55,0741158
2025-07-21 16:00:05,0,0.0,0.0,24.5,47.1,1007,2,0.0,0.0,17.7,22.5,0,8.4,29.2,39.8,228.1051,265.8375,906.0429,300.5948,498.6012,801.8868,164.2273,225.9623,1822.6772,165.2345,68.9853,70.8167,126.5338,25.8758,30.7846,31.7817,246.3854,32.869,30,27,27,-0.966,-0.88,-0.38,-1.448,-0.418,-475.783,-5803.603,0.6,2.0,21.59,36419.198,0.037,54.0,0741158
2025-07-21 16:00:36,113,0.48,0.03,24.5,46.4,1007,2,0.0,0.0,17.7,22.5,0,8.4,26.7,41.9,9.7411,34.8794,95.8676,155.1174,94.3917,106.8717,119.583,161.7628,523.472,72.6162,79.5984,22.2332,28.3036,23.2882,38.4808,23.0143,6.6755,10.6341,30,28,27,-0.916,-0.608,0.017,-1.372,-0.191,-85.562,-1759.815,1.182,2.0,21.552,11146.43,0.037,53.45,0741158
2025-07-21 16:01:08,112,0.47,0.03,24.4,46.1,1007,2,0.0,0.0,17.7,22.5,0,8.4,26.1,43.1,10.5529,36.7648,102.4468,150.7356,98.1978,111.7612,124.3663,166.8178,509.26,76.5297,82.7823,23.4683,29.9685,24.1507,38.4808,24.1102,6.6755,10.6341,30,27,26,-0.91,-0.606,0.013,-1.363,-0.194,-87.83,-1699.098,1.171,1.9,21.465,10867.94,0.037,56.75,0741158
2025-07-21 16:01:40,113,0.48,0.03,24.3,46.0,1007,2,0.0,0.0,17.7,22.5,0,8.4,25.0,45.5,10.5529,35.8221,98.6872,135.8373,95.9141,109.6657,121.1774,163.2793,465.44,75.66,81.721,23.0566,29.1361,23.2882,37.6257,24.1102,6.6755,10.6341,30,27,27,-0.902,-0.598,0.022,-1.351,-0.195,-84.475,-1539.226,1.182,1.8,21.389,10012.814,0.037,57.3,0741158
2025-07-21 16:02:11,0,0.0,0.0,24.3,46.1,1007,2,0.0,0.0,17.7,22.5,0,8.4,24.9,46.2,10.5529,33.9367,93.9879,100.7825,93.6305,107.5702,116.3941,155.1911,367.141,73.0511,78.5371,22.6449,28.3036,22.4257,34.2051,23.0143,6.6755,10.6341,30,28,26,-0.882,-0.605,0.008,-1.321,-0.203,-76.87,-1175.058,0.599,1.8,21.395,8085.786,0.037,57.85,0741158
2025-07-21 16:02:43,0,0.0,0.0,24.3,46.2,1007,2,0.0,0.0,17.7,22.5,0,8.4,25.4,45.5,10.5529,33.9367,93.9879,101.6589,93.6305,107.5702,116.3941,155.6967,369.5096,73.0511,78.5371,22.6449,28.3036,22.4257,34.2051,24.1102,6.6755,10.6341,30,27,26,-0.877,-0.59,0.031,-1.315,-0.201,-77.066,-1183.94,0.599,1.8,21.4,8132.095,0.037,58.95,0741158
2025-07-21 16:03:15,0,0.0,0.0,24.3,46.3,1007,2,0.0,0.0,17.7,22.5,0,8.4,25.6,44.8,10.5529,33.9367,94.9277,101.6589,93.6305,107.5702,116.3941,155.6967,369.5096,73.0511,78.5371,22.6449,28.3036,22.4257,34.2051,24.1102,6.6755,10.6341,30,27,26,-0.877,-0.59,0.031,-1.315,-0.202,-77.066,-1183.94,0.599,1.8,21.406,8132.095,0.037,60.05,0741158
2025-07-21 16:03:46,113,0.48,0.03,24.3,46.1,1007,2,0.0,0.0,17.7,22.5,0,8.4,25.2,44.8,10.5529,33.9367,94.9277,102.5352,93.6305,107.5702,116.3941,155.6967,370.6939,73.0511,79.5984,22.6449,28.3036,22.4257,34.2051,24.1102,6.6755,10.6341,30,27,26,-0.878,-0.59,0.031,-1.315,-0.202,-77.164,-1188.382,1.181,1.8,21.395,8155.249,0.037,60.6,0741158
2025-07-21 16:04:18,113,0.47,0.03,24.2,46.0,1007,2,0.0,0.0,17.7,22.5,0,8.4,24.5,46.5,10.5529,33.9367,94.9277,102.5352,93.6305,107.5702,116.3941,155.6967,370.6939,73.0511,78.5371,22.6449,28.3036,22.4257,34.2051,24.1102,6.6755,10.6341,30,27,27,-0.878,-0.59,0.031,-1.315,-0.202,-77.164,-1188.382,1.168,1.7,21.319,8155.249,0.037,61.7,0741158
2025-07-21 16:04:49,114,0.48,0.03,24.2,46.1,1007,2,0.0,0.0,17.7,22.5,0,8.4,24.2,47.5,10.5529,33.9367,94.9277,102.5352,94.3917,108.2687,116.9256,155.6967,371.8783,73.0511,79.5984,22.6449,28.3036,22.4257,35.0603,24.1102,6.6755,10.6341,30,27,26,-0.878,-0.593,0.031,-1.316,-0.202,-77.555,-1191.338,1.179,1.7,21.324,8178.404,0.037,62.25,0741158
2025-07-21 16:05:21,113,0.48,0.03,24.1,46.2,1007,2,0.0,0.0,17.7,22.5,0,8.4,24.2,47.6,10.5529,34.8794,94.9277,103.4116,94.3917,108.2687,116.9256,156.7077,373.0626,73.4859,79.5984,22.6449,28.3036,22.4257,35.0603,24.1102,6.6755,10.6341,30,27,26,-0.879,-0.593,0.031,-1.316,-0.202,-77.653,-1195.78,1.176,1.6,21.259,8203.033,0.037,60.05,0741158
2025-07-21 16:05:53,112,0.47,0.03,24.1,46.3,1007,2,0.0,0.0,17.7,22.5,0,8.4,24.2,47.7,10.5529,33.9367,94.9277,102.5352,93.6305,107.5702,116.3941,155.6967,370.6939,73.0511,79.5984,22.6449,28.3036,22.4257,35.0603,24.1102,6.6755,10.6341,30,27,26,-0.878,-0.59,0.031,-1.315,-0.202,-77.164,-1188.382,1.163,1.6,21.265,8155.249,0.037,61.7,0741158
2025-07-21 16:06:24,112,0.47,0.03,24.1,46.3,1007,2,0.0,0.0,17.7,22.5,0,8.4,24.1,47.8,10.5529,33.9367,94.9277,102.5352,93.6305,107.5702,116.3941,155.6967,370.6939,73.0511,78.5371,22.6449,28.3036,22.4257,35.0603,24.1102,6.6755,10.6341,30,27,26,-0.878,-0.59,0.031,-1.315,-0.202,-77.164,-1188.382,1.163,1.6,21.265,8155.249,0.037,61.7,0741158
2025-07-21 16:06:58,113,0.48,0.03,24.1,46.2,1007,2,0.0,0.0,17.7,22.5,0,8.4,--,--,10.5529,33.9367,94.9277,102.5352,93.6305,107.5702,116.3941,155.6967,371.8783,73.0511,79.5984,22.6449,28.3036,22.4257,35.0603,24.1102,6.6755,10.6341,30,27,26,-0.878,-0.59,0.031,-1.316,-0.202,-77.261,-1192.823,1.176,1.6,21.259,8178.404,0.037,60.6,0741158
2025-07-21 16:07:30,113,0.49,0.03,24.0,46.2,1007,2,0.0,0.0,17.7,22.5,0,8.4,24.1,47.5,10.5529,33.9367,94.9277,103.4116,94.3917,108.2687,116.9256,156.2022,374.2469,73.4859,79.5984,22.6449,28.3036,22.4257,35.0603,24.1102,6.6755,10.6341,30,27,26,-0.879,-0.593,0.031,-1.317,-0.201,-77.75,-1200.221,1.185,1.5,21.189,8226.192,0.037,60.6,0741158
2025-07-21 16:08:01,113,0.48,0.03,24.0,46.2,1007,2,0.0,0.0,17.7,22.5,0,8.4,24.1,47.6,10.5529,33.9367,93.9879,102.5352,93.6305,107.5702,116.3941,155.6967,371.8783,73.0511,78.5371,22.6449,28.3036,22.4257,35.0603,24.1102,6.6755,10.6341,30,28,27,-0.878,-0.59,0.031,-1.316,-0.201,-77.261,-1192.823,1.173,1.5,21.189,8178.404,0.037,59.5,0741158
2025-07-21 16:12:36,0,0.0,0.0,24.1,46.7,1007,2,0.0,0.0,17.7,22.5,0,8.4,24.4,47.3,11.3647,39.5928,100.567,490.7669,152.2446,107.5702,316.2305,360.9331,1725.5625,90.0093,82.7823,22.6449,33.2984,25.8758,80.3821,26.3021,7.2823,11.6008,30,28,26,-0.97,-0.705,0.075,-1.455,-0.172,-100.307,-6153.101,0.597,1.6,21.286,34859.31,0.037,54.0,0741158
2025-07-21 16:13:07,0,0.0,0.0,24.1,46.7,1007,2,0.0,0.0,17.7,22.5,0,8.4,24.7,46.8,11.3647,39.5928,100.567,491.6433,152.2446,108.2687,316.762,361.4387,1726.7468,90.4442,82.7823,23.0566,33.2984,25.8758,81.2372,26.3021,7.2823,11.6008,30,27,27,-0.97,-0.705,0.066,-1.455,-0.172,-100.929,-6157.542,0.597,1.6,21.286,34872.178,0.037,52.35,0741158
2025-07-21 16:13:39,0,0.0,0.0,24.1,46.7,1007,2,0.0,0.0,17.7,22.5,0,8.4,24.9,46.3,11.3647,39.5928,100.567,491.6433,152.2446,108.2687,317.2935,361.9442,1729.1155,90.0093,82.7823,22.6449,33.2984,25.8758,81.2372,26.3021,7.2823,11.6008,30,28,27,-0.97,-0.705,0.075,-1.455,-0.172,-100.939,-6166.425,0.597,1.6,21.286,34929.176,0.037,52.9,0741158
2025-07-21 16:14:10,0,0.0,0.0,24.2,46.7,1007,2,0.0,0.0,17.7,22.5,0,8.4,25.0,46.2,11.3647,39.5928,100.567,492.5197,152.2446,108.2687,317.2935,361.9442,1727.9312,90.0093,82.7823,23.0566,33.2984,25.8758,81.2372,26.3021,7.2823,11.6008,30,27,27,-0.97,-0.705,0.066,-1.455,-0.172,-100.934,-6161.983,0.598,1.7,21.356,34891.594,0.037,51.8,0741158
2025-07-21 16:14:42,0,0.0,0.0,24.2,46.7,1007,2,0.0,0.0,17.7,22.5,0,8.4,25.2,45.8,11.3647,39.5928,100.567,491.6433,153.0059,108.2687,317.2935,361.9442,1726.7468,90.0093,82.7823,22.6449,33.2984,25.8758,81.2372,26.3021,7.2823,11.6008,30,27,26,-0.97,-0.707,0.075,-1.455,-0.172,-100.919,-6156.058,0.598,1.7,21.356,34882.599,0.037,52.9,0741158
2025-07-21 16:15:14,0,0.0,0.0,24.1,46.7,1007,2,0.0,0.0,17.7,22.5,0,8.4,25.3,45.5,11.3647,39.5928,100.567,491.6433,152.2446,108.2687,317.2935,361.4387,1726.7468,90.0093,82.7823,23.0566,33.2984,25.8758,81.2372,26.3021,7.2823,11.6008,30,27,26,-0.97,-0.705,0.066,-1.455,-0.172,-100.929,-6157.542,0.597,1.6,21.286,34868.315,0.037,51.25,0741158
2025-07-21 16:15:45,0,0.0,0.0,24.2,46.7,1007,2,0.0,0.0,17.7,22.5,0,8.4,25.4,45.2,11.3647,39.5928,100.567,491.6433,153.0059,108.2687,317.825,361.9442,1727.9312,90.0093,82.7823,23.0566,33.2984,25.8758,81.2372,26.3021,7.2823,11.6008,30,27,26,-0.97,-0.707,0.066,-1.455,-0.172,-100.924,-6160.499,0.598,1.7,21.356,34891.594,0.037,51.8,0741158
2025-07-21 16:16:17,0,0.0,0.0,24.2,46.8,1007,2,0.0,0.0,17.7,22.5,0,8.4,25.4,44.7,11.3647,39.5928,100.567,492.5197,153.0059,108.2687,317.825,361.9442,1727.9312,90.4442,82.7823,23.0566,33.2984,25.8758,81.2372,26.3021,7.2823,11.6008,30,27,26,-0.97,-0.707,0.066,-1.455,-0.172,-100.924,-6160.499,0.598,1.7,21.362,34895.46,0.037,51.25,0741158
2025-07-21 16:16:48,0,0.0,0.0,24.2,46.8,1007,2,0.0,0.0,17.7,22.5,0,8.4,25.5,44.7,11.3647,39.5928,100.567,492.5197,152.2446,108.2687,317.825,361.9442,1727.9312,90.0093,82.7823,23.0566,33.2984,25.8758,81.2372,26.3021,7.2823,11.6008,30,27,27,-0.97,-0.705,0.066,-1.455,-0.172,-100.934,-6161.983,0.598,1.7,21.362,34891.594,0.037,50.7,0741158
2025-07-21 16:17:20,0,0.0,0.0,24.2,46.7,1007,2,0.0,0.0,17.7,22.5,0,8.4,25.6,44.6,11.3647,39.5928,100.567,491.6433,152.2446,108.2687,317.2935,361.4387,1724.3782,90.0093,82.7823,23.0566,33.2984,25.8758,81.2372,26.3021,7.2823,11.6008,30,27,26,-0.97,-0.705,0.066,-1.455,-0.172,-100.919,-6148.66,0.598,1.7,21.356,34821.758,0.037,50.15,0741158
2025-07-21 16:17:52,0,0.0,0.0,24.2,46.7,1007,2,0.0,0.0,17.7,22.5,0,8.4,25.7,44.5,11.3647,39.5928,100.567,492.5197,153.0059,108.2687,317.825,361.9442,1727.9312,90.0093,82.7823,23.0566,33.2984,25.8758,81.2372,26.3021,7.2823,11.6008,31,27,26,-0.97,-0.707,0.066,-1.455,-0.172,-100.924,-6160.499,0.598,1.7,21.356,34891.594,0.037,51.25,0741158
2025-07-21 16:18:23,0,0.0,0.0,24.2,46.7,1007,2,0.0,0.0,17.7,22.5,0,8.4,25.7,44.3,11.3647,38.6501,98.6872,485.5087,151.4834,104.0776,307.7268,351.834,1698.323,89.1397,81.721,21.8214,31.6335,25.0133,80.3821,25.2062,7.2823,11.6008,30,28,27,-0.971,-0.715,0.072,-1.456,-0.173,-97.118,-6052.437,0.598,1.7,21.356,34344.199,0.037,50.7,0741158
2025-07-21 16:18:55,0,0.0,0.0,24.2,46.7,1007,0,0.0,0.0,17.7,22.5,0,8.4,27.9,92.5,11.3647,38.6501,95.8676,489.0142,148.4385,97.7911,309.3213,356.8891,1713.7192,87.4004,76.4144,20.998,32.4659,25.0133,80.3821,24.1102,7.2823,11.6008,30,27,27,-0.972,-0.721,0.069,-1.458,-0.172,-91.633,-6116.111,0.0,1.7,21.356,34660.815,--,50.15,0741158
2025-07-21 16:19:26,115,0.48,0.03,24.2,46.0,1007,2,0.0,0.0,17.6,22.5,0,8.4,28.3,48.8,11.3647,39.5928,100.567,492.5197,153.0059,108.2687,318.3564,361.9442,1726.7468,90.0093,82.7823,23.0566,33.2984,25.8758,81.2372,26.3021,7.2823,11.6008,30,27,26,-0.97,-0.707,0.066,-1.455,-0.172,-100.919,-6156.058,1.18,1.7,21.319,34868.315,0.037,50.15,0741158
2025-07-21 16:19:58,115,0.49,0.03,24.2,45.6,1007,2,0.0,0.0,17.6,22.5,0,8.4,26.3,42.1,11.3647,39.5928,100.567,492.5197,153.0059,108.2687,318.3564,362.4497,1727.9312,90.0093,82.7823,23.0566,33.2984,25.8758,81.2372,26.3021,7.2823,11.6008,30,27,26,-0.97,-0.707,0.066,-1.455,-0.172,-100.924,-6160.499,1.196,1.7,21.298,34891.594,0.037,49.05,0741158
2025-07-21 16:20:30,0,0.0,0.0,24.2,45.5,1007,2,0.0,0.0,17.6,22.5,0,8.4,25.6,43.5,11.3647,39.5928,100.567,492.5197,153.0059,108.2687,318.3564,362.4497,1725.5625,90.0093,82.7823,23.0566,33.2984,25.8758,81.2372,26.3021,7.2823,11.6008,30,27,26,-0.97,-0.707,0.066,-1.455,-0.172,-100.914,-6151.616,0.598,1.7,21.292,34845.037,0.037,50.15,0741158
2025-07-21 16:21:01,0,0.0,0.0,24.2,45.6,1007,2,0.0,0.0,17.6,22.5,0,8.4,26.0,43.0,11.3647,40.5355,100.567,491.6433,153.0059,108.2687,318.3564,361.9442,1725.5625,90.0093,82.7823,23.0566,33.2984,25.8758,81.2372,26.3021,7.2823,11.6008,30,27,26,-0.97,-0.707,0.066,-1.455,-0.172,-100.914,-6151.616,0.598,1.7,21.298,34845.037,0.037,49.6,0741158
2025-07-21 16:21:33,0,0.0,0.0,24.2,45.7,1007,2,0.0,0.0,17.6,22.5,0,8.4,26.2,42.9,11.3647,39.5928,100.567,492.5197,153.0059,108.2687,318.3564,361.9442,1725.5625,90.0093,82.7823,23.0566,33.2984,25.8758,81.2372,26.3021,7.2823,11.6008,30,27,27,-0.97,-0.707,0.066,-1.455,-0.172,-100.914,-6151.616,0.598,1.7,21.303,34845.037,0.037,49.6,0741158
2025-07-21 16:22:04,0,0.0,0.0,24.2,45.8,1007,2,0.0,0.0,17.6,22.5,0,8.4,26.3,42.3,11.3647,39.5928,100.567,490.7669,152.2446,108.2687,317.825,361.4387,1722.0095,90.0093,82.7823,23.0566,33.2984,25.8758,81.2372,26.3021,7.2823,11.6008,30,28,26,-0.97,-0.705,0.066,-1.454,-0.172,-100.908,-6139.777,0.598,1.7,21.308,34775.201,0.037,48.5,0741158
2025-07-21 16:22:36,0,0.0,0.0,24.2,45.8,1007,2,0.0,0.0,17.6,22.5,0,8.4,26.3,42.6,11.3647,39.5928,100.567,491.6433,152.2446,107.5702,317.2935,361.4387,1724.3782,90.0093,82.7823,22.6449,33.2984,25.8758,81.2372,26.3021,7.2823,11.6008,30,27,27,-0.97,-0.705,0.075,-1.455,-0.172,-100.302,-6148.66,0.598,1.7,21.308,34836.022,0.037,50.7,0741158
2025-07-21 16:23:08,0,0.0,0.0,24.2,45.9,1007,1,0.0,0.0,17.6,22.5,0,8.4,26.3,42.7,51.141,55.6185,109.0259,692.3319,130.9304,89.409,100.9812,595.9946,3586.1382,548.3177,72.1692,18.5276,77.4187,28.4634,68.4103,23.0143,7.8892,12.5676,30,27,26,-0.987,-0.701,0.108,-1.481,-0.17,-86.973,-13170.082,0.299,1.7,21.314,72548.262,0.019,49.6,0741158
2025-07-21 16:23:39,0,0.0,0.0,24.2,45.9,1007,1,0.0,0.0,10.3,22.4,0,7.6,26.3,43.0,50.3292,52.7904,100.567,686.1973,110.3774,70.5493,64.8405,580.8294,3573.1106,540.4908,63.6787,15.6456,75.7538,25.8758,62.4244,17.5347,7.2823,12.5676,31,27,26,-0.99,-0.726,0.057,-1.485,-0.17,-68.999,-13161.307,0.299,1.8,21.314,72306.674,0.019,49.6,0741158
2025-07-21 16:24:11,0,0.0,0.0,24.2,46.0,1007,0,0.0,0.0,10.6,22.4,0,7.3,26.3,42.7,50.3292,55.6185,98.6872,700.2192,130.1692,76.8358,93.5405,606.1048,3612.1934,543.0998,66.8626,16.8807,76.5863,27.6008,69.2654,20.8225,7.8892,12.5676,30,27,27,-0.989,-0.724,0.105,-1.483,-0.17,-74.975,-13269.274,0.0,1.8,21.319,73078.938,--,50.15,0741158
2025-07-21 16:24:42,0,0.0,0.0,24.3,45.9,1007,2,0.0,0.0,10.4,22.4,0,7.2,28.4,75.6,49.5175,55.6185,111.8455,628.3569,138.5426,105.4747,105.7645,554.5429,3146.7534,528.3157,81.721,21.4097,74.9214,27.6008,64.9898,23.0143,7.8892,12.5676,30,27,27,-0.985,-0.715,0.036,-1.478,-0.171,-101.718,-11507.546,0.599,1.9,21.384,63752.982,0.037,49.05,0741158
2025-07-21 16:25:14,0,0.0,0.0,24.2,46.0,1007,2,0.0,0.0,10.4,22.5,0,7.0,29.4,37.9,50.3292,58.4465,115.6051,720.3757,150.7222,109.6657,117.9885,644.0179,3695.0962,547.4481,84.9049,22.6449,77.4187,29.3259,76.1065,24.1102,8.496,12.5676,30,27,26,-0.987,-0.724,0.031,-1.48,-0.17,-106.167,-13540.081,0.598,1.7,21.319,74693.292,0.037,49.6,0741158
2025-07-21 17:48:33,117,0.5,0.03,24.0,45.4,1007,2,0.0,0.0,10.6,22.2,0,6.8,24.0,47.4,51.141,59.3892,118.4247,721.2521,151.4834,111.7612,119.0515,641.4904,3689.1746,548.7526,88.0889,24.2918,84.9109,37.0886,83.8026,31.7817,10.3166,13.5343,30,28,26,-0.983,-0.653,0.134,-1.474,-0.17,-108.135,-13514.65,1.206,1.8,21.147,74582.676,0.037,64.45,0741158
2025-07-21 18:04:40,0,0.0,0.0,24.3,45.8,1007,2,0.0,0.0,10.7,22.4,0,6.8,24.7,47.0,51.9528,60.3319,119.3646,721.2521,151.4834,112.4597,119.0515,640.4794,3685.6216,548.7526,89.1502,24.7035,87.4082,40.5387,86.368,33.9735,10.9235,14.501,30,27,27,-0.982,-0.634,0.158,-1.472,-0.169,-108.79,-13499.586,0.599,1.9,21.379,74528.029,0.037,60.6,0741158
2025-07-21 18:05:11,0,0.0,0.0,24.4,45.8,1007,2,0.0,0.0,10.7,22.4,0,6.8,24.9,46.6,51.9528,60.3319,119.3646,721.2521,151.4834,112.4597,119.0515,640.4794,3685.6216,549.1874,89.1502,24.7035,87.4082,40.5387,86.368,33.9735,10.9235,14.501,30,28,27,-0.982,-0.634,0.158,-1.472,-0.169,-108.79,-13499.586,0.6,2.0,21.449,74528.174,0.037,60.05,0741158
2025-07-21 18:05:43,0,0.0,0.0,24.3,45.8,1007,2,0.0,0.0,10.6,22.4,0,6.8,25.0,46.5,51.9528,60.3319,119.3646,721.2521,151.4834,112.4597,119.583,640.9849,3685.6216,548.7526,89.1502,24.7035,87.4082,40.5387,87.2231,33.9735,10.9235,13.5343,30,27,27,-0.982,-0.634,0.158,-1.472,-0.169,-108.79,-13501.327,0.599,1.9,21.379,74508.74,0.037,61.15,0741158
2025-07-21 18:06:15,0,0.0,0.0,24.4,45.9,1007,2,0.0,0.0,10.6,22.4,0,6.8,25.3,46.0,51.9528,60.3319,119.3646,722.1285,151.4834,113.1582,119.583,640.9849,3687.9902,548.7526,89.1502,24.7035,88.2407,40.5387,87.2231,33.9735,11.5304,13.5343,30,27,27,-0.982,-0.634,0.158,-1.472,-0.169,-109.451,-13510.209,0.6,2.0,21.454,74556.002,0.037,63.9,0741158
2025-07-21 18:06:46,0,0.0,0.0,24.4,45.9,1007,2,0.0,0.0,10.7,22.4,0,6.8,25.4,45.6,51.9528,60.3319,119.3646,722.1285,151.4834,113.1582,119.583,640.9849,3686.8059,549.1874,89.1502,24.7035,88.2407,40.5387,87.2231,33.9735,11.5304,14.501,30,28,27,-0.982,-0.634,0.158,-1.472,-0.169,-109.45,-13504.028,0.6,2.0,21.454,74551.805,0.037,62.8,0741158
2025-07-21 18:07:18,0,0.0,0.0,24.4,45.9,1007,2,0.0,0.0,10.6,22.4,0,6.8,25.5,45.2,51.9528,60.3319,119.3646,721.2521,151.4834,113.1582,119.583,640.9849,3685.6216,549.1874,90.2115,24.7035,88.2407,40.5387,87.2231,35.0694,11.5304,14.501,31,27,27,-0.981,-0.624,0.173,-1.472,-0.169,-109.449,-13499.586,0.6,2.0,21.454,74528.174,0.037,63.9,0741158
2025-07-21 18:07:50,0,0.0,0.0,24.4,45.9,1007,2,0.0,0.0,10.7,22.4,0,6.8,25.6,45.1,51.9528,60.3319,119.3646,722.1285,151.4834,113.1582,119.583,640.4794,3686.8059,549.6223,89.1502,24.7035,88.2407,41.4013,87.2231,35.0694,11.5304,14.501,30,27,27,-0.981,-0.624,0.173,-1.472,-0.169,-109.45,-13504.028,0.6,2.0,21.454,74551.949,0.037,64.45,0741158
2025-07-21 18:08:21,0,0.0,0.0,24.4,45.9,1007,2,0.0,0.0,10.7,22.4,0,6.8,25.7,44.9,51.9528,60.3319,119.3646,722.1285,151.4834,113.1582,119.583,640.9849,3686.8059,549.6223,90.2115,24.7035,88.2407,41.4013,87.2231,35.0694,11.5304,14.501,30,27,27,-0.981,-0.624,0.173,-1.472,-0.169,-109.45,-13504.028,0.6,2.0,21.454,74551.949,0.037,64.45,0741158
2025-07-21 18:08:53,0,0.0,0.0,24.4,45.9,1007,2,0.0,0.0,10.7,22.4,0,6.8,25.8,44.8,51.9528,60.3319,120.3045,722.1285,151.4834,113.1582,119.583,640.4794,3686.8059,549.1874,89.1502,24.7035,88.2407,41.4013,88.0783,35.0694,11.5304,14.501,30,27,27,-0.981,-0.624,0.173,-1.472,-0.169,-109.45,-13504.028,0.6,2.0,21.454,74551.805,0.037,64.45,0741158
2025-07-21 18:09:25,0,0.0,0.0,24.4,45.9,1007,2,0.0,0.0,10.7,22.4,0,6.8,25.8,44.7,51.9528,60.3319,119.3646,722.1285,151.4834,113.1582,119.583,640.4794,3684.4373,549.1874,89.1502,25.1152,89.0732,41.4013,88.0783,35.0694,11.5304,14.501,30,28,27,-0.981,-0.624,0.165,-1.472,-0.169,-109.447,-13495.145,0.6,2.0,21.454,74501.5,0.037,65.55,0741158
2025-07-21 18:09:56,0,0.0,0.0,24.4,45.9,1007,2,0.0,0.0,10.7,22.4,0,6.8,25.9,44.5,51.9528,60.3319,119.3646,722.1285,151.4834,113.1582,119.583,640.4794,3685.6216,549.1874,90.2115,25.1152,89.0732,41.4013,88.0783,35.0694,11.5304,14.501,30,27,27,-0.981,-0.624,0.165,-1.472,-0.169,-109.449,-13499.586,0.6,2.0,21.454,74525.13,0.037,66.1,0741158
2025-07-21 18:10:28,0,0.0,0.0,24.5,45.9,1007,2,0.0,0.0,10.7,22.4,0,6.8,25.9,44.6,51.9528,60.3319,119.3646,722.1285,151.4834,113.1582,119.583,640.9849,3685.6216,548.7526,90.2115,25.1152,89.0732,41.4013,88.0783,35.0694,11.5304,14.501,30,27,27,-0.981,-0.624,0.165,-1.472,-0.169,-109.449,-13499.586,0.6,2.1,21.524,74524.983,0.037,65.0,0741158
2025-07-21 18:10:59,0,0.0,0.0,24.5,45.9,1007,2,0.0,0.0,10.7,22.4,0,6.8,25.9,44.6,51.9528,60.3319,119.3646,722.1285,151.4834,113.1582,119.583,640.9849,3685.6216,549.1874,89.1502,25.1152,89.0732,41.4013,88.0783,35.0694,11.5304,14.501,31,27,27,-0.981,-0.624,0.165,-1.472,-0.169,-109.449,-13499.586,0.6,2.1,21.524,74525.13,0.037,65.55,0741158
2025-07-21 18:11:31,0,0.0,0.0,24.4,45.9,1007,2,0.0,0.0,10.7,22.4,0,6.8,25.9,44.5,51.9528,60.3319,119.3646,721.2521,151.4834,113.1582,119.583,640.9849,3686.8059,549.1874,90.2115,25.1152,89.0732,42.2638,88.0783,35.0694,11.5304,14.501,30,28,27,-0.981,-0.624,0.165,-1.472,-0.169,-109.45,-13504.028,0.6,2.0,21.454,74548.76,0.037,65.0,0741158
2025-07-21 18:12:03,0,0.0,0.0,24.5,45.9,1007,2,0.0,0.0,10.7,22.4,0,6.8,26.0,44.5,51.9528,60.3319,119.3646,722.1285,151.4834,113.1582,119.583,640.4794,3684.4373,549.1874,90.2115,25.1152,89.0732,42.2638,88.9334,35.0694,11.5304,14.501,31,28,27,-0.981,-0.624,0.165,-1.472,-0.169,-109.447,-13495.145,0.6,2.1,21.524,74501.5,0.037,65.55,0741158
2025-07-21 18:12:34,0,0.0,0.0,24.5,45.9,1007,2,0.0,0.0,10.7,22.4,0,6.8,25.9,44.5,51.9528,60.3319,119.3646,722.1285,151.4834,113.1582,119.583,640.4794,3686.8059,549.1874,89.1502,25.1152,89.0732,42.2638,88.9334,36.1654,11.5304,14.501,31,27,27,-0.981,-0.615,0.18,-1.471,-0.169,-109.45,-13504.028,0.6,2.1,21.524,74548.76,0.037,64.45,0741158
2025-07-21 18:13:01,0,0.0,0.0,24.5,45.9,1007,2,0.0,0.0,10.7,22.4,0,6.8,26.0,44.2,51.9528,60.3319,119.3646,722.1285,151.4834,113.1582,119.583,640.9849,3686.8059,549.6223,89.1502,25.1152,89.0732,42.2638,88.9334,36.1654,11.5304,14.501,31,27,27,-0.981,-0.615,0.18,-1.471,-0.169,-109.45,-13504.028,0.6,2.1,21.524,74548.907,0.037,64.45,0741158
2025-07-21 18:13:32,0,0.0,0.0,24.5,45.9,1007,2,0.0,0.0,10.7,22.4,0,6.8,26.1,44.2,51.9528,60.3319,119.3646,722.1285,151.4834,113.1582,119.583,640.9849,3685.6216,549.6223,90.2115,25.1152,89.0732,42.2638,88.9334,36.1654,11.5304,14.501,30,28,27,-0.981,-0.615,0.18,-1.471,-0.169,-109.449,-13499.586,0.6,2.1,21.524,74525.277,0.037,62.8,0741158
